id,text
1,"@Rtupoke 29 kecuali Bek senior yang punya pengaruh ke tim, sampe pensiun ok"
2,@eliensh Na sampe ga kepikir mau cari hate komennya krna salfok meneliti mbaknya beneran 29 atau ini cmn bocil nyamar doang ğŸ¥²ğŸ¥²ğŸ¥²ğŸ¥²ğŸ¥²
3,"@lariesmanis ğŸ£ kosongan y22 ğŸ£

@ contenv bo content
@ separx bo separe
@ narrvw bo narrow

â˜† v all, mastip 29 Juni 2022
â˜† masuk mentab &amp; ht
â˜† sb ijo, go green
â˜† dapet pw email + wa verif
â˜† BELUM limit 12h 
âœ… ALL SPACE 

ğŸ’¸ 75OO/akun"
4,"@Rtupoke selalu coba jual di usia 28,29,30,31, kalau udah 32 keatas lepas gratis sih hehe,"
5,"@cicii_29 Mantuls banget kak, mangats terus yaa. Mimin doain moga kamu yg beruntung ya dan bisa bawa pulan hadiahnya. Have a nice day ^SX"
6,"nanti umur 29 pun aku akan tetap menjadi fans windah barsudara, hip hip wika wika."
7,26 ke purwokerto acara nikahan    27-29 jkt dan 2 2 nya pergi sendiri karna gk ada teman
8,"@mas_pra_ emang sih yang cewe ini salah banget tapi kalau kakaknya ngeliat kelakuan safa-safa sebelumnya juga pasti ga akan mungkin lebih pro kesafa, soalnya mereka berdua emang udah sama-sama keterlaluan. safa keterlaluan dalam hal lain dan yang 29 tahun ini keterlaluan dalam hal lain jg"
9,"@Askrlfess Sudahlah nder. Ntar kamu dilaporin sama mbakÂ² umur 29 aktivis ham perwakilan dr na jaemin dan huang renjun, yang calon kakak iparnya kapolda, dosennya kader golkar, ariknya pulici ğŸ˜’"
10,"@Ajaysaini5118 @ShweDhull Number to jyada nhi h,

Lekin fir bhi Iti ko Haq milna chahiye!

29,30 number wale bharti ko rdd karwane me lge hue h,

Kuch nhi hone Wala ,Hssc sbut le ri h sare"
11,awalnya gw males ikut2an ngehate mbak 29 tahun ini. tp ada 1 kalimat dia yang bawa2 papua seakan2 papua itu tempat buangan. aktivis ham tapi gak peka terhadap isu papua. tolol apa gimana?
12,@99skets wakaka mane yg ributin mbakâ€ 29 taun
13,"@sweetiecutepie_ @taerrifield @memahayu @Asdzxc84764641 @Phanea4 @Hanadulset29 @ptrjkk @oohalien @buttercandiess @Aralewww Kenapa jadi kamu yang menentukan apa yang perlu dan ngga perlu? Punya wewenang apa emang kamu? 

Yang saya lakukan emang salah, tapi lucu. Kalo emang ada kosekuensinya ya saya hadapi kosekuensinya. Sama kayak mbak mbak 29 tahun itu, yang dia terima sekarang ya kosekuensi namanya"
14,@Aacharya_29 Guruji 100%wright
15,"and then buat masalah mbak 29 tahun itu beda lagi, jgn cuma karna keanehan mbak 29 lo jadi mengabaikan kesalahan yg udah si safa buat, kalo lo masih pada belain si safa itu artinya lo menormalisasikan hate speech ke orang lain karna lo malah mengabaikan dia, bukannya negur"
16,"@rahmadilaizza_ @annisaelfhazaaa Iku kpopers gabut ceritane dil, mb berflower umur 29 dan safa iki bocil, nah si bocil ceritane ngejek si na jaemin dan huang renjun nct dream gtgt deh trs yawes kesebar trs di gawekno space ndk twitter, lah ngakak e mb berflower iki sampe kate gowo2 ng meja hijau gt dehğŸ¥²ğŸ™ğŸ˜ƒğŸ¤Œ"
17,@fluffehmochi Nasib baik 29. Kalau bawah 25 i try dah hshsh
18,"@KylieToris Anjir sampai di ig dramanya, si embak 29 tahun lgsg dag dig dug serr"
19,"area makassar yang cari parner laki2.
umur 29 jamin ganteng putih, badan normal

ğŸ˜

silahkan dm

#pasutri3some 
#pasutri 
#Bomakassar 
#bokepindo"
20,"@yunaforevermore @ArjunaS49304878 @woopaa_nim @henderyitb iya bener, gua jg baca bbrpa tweet an nya dia. gua juga pasti bakal marah si klo idol gua dikata begitu, tpi yg kocak disini tu cara marah nya si mba 29 tahun tu wkwkw"
21,"@Baby_kyu88 @Pencerah__ hati2 lu kalo ngomong, umur gw 29 bapak dan abang gw polisi."
22,"najaemin umur 21, huang renjun umur 22, emaknya umur 29. umur 7 udah lahiran."
23,"Ni konten kreator TT kenapa jadi pada bahas safa n mbak2 29 tahun dah, biasanya juga bahas ukraina rusia"
24,"@Yeti72899174 @igotsaf Karena banyak kpop fans waras yang menganggap ciutan Safa itu normalnya bocil toxic pemecah belah fandom. Kenapa? Kasusnya banyak, dan bukan cuma ini. Banyak d komentar yt,ig,dan twt. Jadi orangÂ² lebih berfokus ke emak2 29 thn, yang justru menyeret halÂ² d luar 'yang seharusnya'."
25,"@mujiana_ Mbuhh yaa.. mbak flow iku jare wes umur 29 to, sajano wes gak wayahe melu nimbrung hal hal seng ngunu iku, sajano wes wayahe menikmati karya, seng tenang ngunu kekğŸ¤£ğŸ¤£
Gawok to podonan, jo meneh non kpopers, seng sesama kpopers ae emosi caahh.."
26,"@R_AninJKT48 Yg pasti beres2 kamar setelah sholat shubuh, cuci baju, bantu ibu di dapur udah sih itu aja #langkahkecilhariini 29"
27,"Kata gua mah ini non kpopers di Rep tweetan Safa lebih bego dari pada mbak 29 tahun. Padahal tweet paling atas tuh udah ada tulisan ""menghina idola saya sendiri"""
28,"ğŸ‡®ğŸ‡© Ethereum peluang arbitrase yang Anda milikiâ€¼
  âœ…BestAsk Exchange:Tokocrypto
  â¬‡Harga (Beli): 1ETH = 1.24 IDR
  âœ…BestBid Exchange:Indodax
  â¬†Harga (Jual): 1ETH = 29,700,000 IDR
 ğŸ’°ğŸ’´Jual beli LabağŸ’´ğŸ’°29,699,998.76 IDR
#Ethereum #ETH #IDR #IndonesiaRupiah"
29,Tweet: T3Wqb7ctSNjDwdhoexAv1OR94csWFSUXOO05m2wJ9lcbfHHxfl6t0ntNR0TQ4fO3FzqTeg 2022-05-20 09:03:29 +0000
30,"@29_kevo @laura254_ @_JesusTrueVine @_Kenyanjack @gathurari_ @Goddie_Ke @IamFrankie254 Ati Arif alikuwa MCA, Sai ni MP anarepingi
Westy Sikumeet huyo msichana no no Nilidate hio vagina
Ndoch una manzi mdechu
Ushaimwanika kwa mneti hapana
I was high in school man a driller
Tangu enzi za Insyder Nina ndoto ya maziwa mrefu
Inaweza lipa debts zote za Mchina"
31,"@cehiya Bukan, itu yg 29 si mba ""flower"""
32,"@rosesundwine Maaf kak, mau tanya
Cerave itu beneran ada ukuran 5ml ya? Atau paling kecil tuh 29 ya?"
33,@heer_29_ Kya pata
34,Calon suami mba2 29 tahun itu malu ga ya
35,Birthday ya dem yangu ni February 29 but hakuna February 29 next year! Mungu weweğŸ˜
36,"@criminace Fanatik tuh boleh, tapi jangan sampai hilang akal. Maksudnya tu, kalau itu 2 orang idol mereka mau nyari perwakilan orang Indo buat membela mereka, mereka berdua ga akan memilih aktivis 29 tahun itu deh."
37,@tanyakanrl Fasnsnya ngehate safa pake power abussive. Tingkaynya kek bocah pdhl 29 thn
38,"04:48 Temp. 43.7Â°F, Hum. 100%, Dewp. 43.9Â°F, Bar. 29.80 inHg, Wind Â° 0 mph"
39,"04:41 Temp. 64Â°F, Hum. 75%, Dewp. 54.1Â°F, Bar. 29.84 inHg"
40,"10:48 Temp. 29.6Â°C, Hum. 24%, Dewp. 11Â°C, Bar. 1020.9 hpa"
41,"@potattooed Saya safa, 29 tahun."
42,"saat aktivis HAM sibuk mencari keadilan, kakak berusia 29 tahun sibuk mencari celah agar bisa menikah dengan idolanya"
43,"@nasijinggo99 ğŸ‹ *WETV*
Sharing
1 hari 1.000
2 hari 2.000
3 hari 2.500
5 hari 3.000
7 hari 4.000
1 bulan 6.000
3 bulan 9.000
1 tahun 14.000

Private
1 bulan 29.000
3 bulan 58.000"
44,Udah gak kaget sih ada orang umur 29 tahun masih ikut war KPop soalnya udah pernah nemu buibu 30an anak 2 masih bayi pula malah ributin kapal homo ğŸ¥²
45,"@lariesmanis ğŸ£ kosongan y22 ğŸ£

@ contenv bo content
@ separx bo separe
@ narrvw bo narrow

â˜† v all, mastip 29 Juni 2022
â˜† masuk mentab &amp; ht
â˜† sb ijo, go green
â˜† dapet pw email + wa verif
â˜† BELUM limit 12h 
âœ… ALL SPACE 

ğŸ’¸ 75OO/akun"
46,"Ini kenapa non kpopers pada bilang Safa melawan ras terkuat di bumi, padahal mah Safa sendiri kpopers ğŸ¤£ğŸ¤£ğŸ¤£ mana sebagian ada yang ngira Safa ini mbak mbak 29 tahun"
47,"29

baru mutualan  tp udah lumayan suka lewat tl, letâ€™s get closer ily ğŸ’—ğŸ’"
48,@imranwrrrr Aku jujur eh 29 jer
49,"ALL FINAL 2021/22:

#UECL Final #Tirana
ğŸ‡®ğŸ‡¹ @OfficialASRoma vs @Feyenoord ğŸ‡³ğŸ‡±
ğŸ—“ Kamis 26 Mei 2022
ğŸ•‘ 02.00 WIB

#UCL Final #Paris
ğŸ´ó §ó ¢ó ¥ó ®ó §ó ¿ @LFC vs @realmadrid  ğŸ‡ªğŸ‡¸
ğŸ—“ Minggu 29 Mei 2022
ğŸ•‘ 02.00 WIB"
50,@ShopeePay_ID Tanggal 29 april sy transper dr shopeepay ke bank sampai sekarang ga jelas. Minta buktinya trnspernya ga dikirim2
51,@oohalien awowkowkwowkw 29 tahun kelakuan kek kontol
52,"@iinvani safa fans korea, tp sukanya jelek2in member NCT
diundang space, dirujak rame2 sama avkor lain, tapi safa stay strong

yg bully ini umur 29, bapak tni, adik ipar polisi, dosennya kader golkar (ntah apa hubungannya), dan dia sendiri ngakunya aktivis

dibully balik sm netizen, wkwk"
53,Trus masa pejuang HAM usia 29 tahun sensitif sama kpop war sih. Harusnya kan sensitif soal advokasi korban HAM atau setidaknya terlibat dalam KontraS. Masa pejuang HAM lebih teriak bela idolnya dibanding teriak ngungkap kasus Marsinah
54,@cantfuddle @minju13um 29 tahun emg msh masuk gen z?
55,@rasjawa Saya buronan 29 tahun nnt jadiny
56,South Rim - Tmp:55.2F Wind:SSW at 2.0mph Bar:29.326 Rain:0.00in H/L Tmp:58.8F/55.2F
57,Tweet: LpHUwOFaR1k7IgM3TTdWi0AzYnTPn5Rh7S25ZzmKIeDXobu92vMyP2etT6A5AHUo5Y5piP 2022-05-20 08:54:29 +0000
58,"@rlgxg skrg lagi sering neslite, awal awal beli mah 16 rebu sebungkus isi 16 juga, skrg jadi 18-20 rb sebungkus. terus esse, pkoknya esse apa aja gas wkwk sekitar 26-29 an lh ya. mild merah ya basic lah ya bisa diketeng setengah 10 ribu wkwk, klo lagi banyak duit aku Marlboro merah :D"
59,@bitchylaughs @marlinda_kiky @tanyakanrl Gw mikir udh 29 tahun ngapain ngurus ginian tinggal rnb akun ny aj rame2 dh cukupğŸ˜­
60,"@ShopeeID Bismillah pilih A.
#ShopeeGiveawayGadget
29"
61,"Saya masih ingat saat itu kami memakai tracksuit dengan jahitan '29 MEI 2021' di dada. Saat itu aku merasa tenggelam dan seperti, wow.

Kami saling berpandangan dan berkata, â€œInsya Allah, besok kita akan menjadi juara.â€ Kemudian kami mengucapkan selamat malam dan pergi tidur. ğŸ˜­"
62,"29 : hii synk, kmu asik bgt pliss sering interact jg ma aku, lop yu bebğŸ’—ğŸ’—"
63,"@kucinkTOR @kantonggbundar @bang_bar0n Maksud gw, dengan kelakuan mba 29 thn ngeladenin bocil yg nge hina idol nya dan idol nya pun ga peduli buat di hina, kaya umur udh tua masih aja ikut permasalahan itu, kek nya udh beda lvl dah ama yg dia bilanh pen kawin ama ade nya kapolda, halu nya kurang greget"
64,"@HENTAlSUS Udah umur 29 masih aja kebanyakan halu itu org ampe ngebelain idolanya mati""an gblk amat heran"
65,"@ncitybase_ Fikss yg makan buburnya diaduk bakal dilaporin sm mbak mbak 29 th, aktivis ham, keluarganya aparat, sm dosennya kader parpol"
66,"@Disky_29 @sobeigie @mlbbfess Dia kan cuma ngmg albert kek kurang kalo maen hyper tank, lu pikir sejago2 nya albert gapunya titik kelemahannya?"
67,"ğŸ‡¯ğŸ‡µPrediksi JepangğŸ‡¯ğŸ‡µ20-05-2022ğŸ‡¯ğŸ‡µ

â™ŸBBFS  8310529â™Ÿ
ğŸƒ CB    0/9ğŸƒ
ğŸ§©CM    01/50/39ğŸ§©
ğŸŒŸ2D    21 80 19 29 52 98 53 09 18 30ğŸŒŸ
ğŸ”¥TWIN  00/22/99ğŸ”¥   

ğŸ¯Info Lian WA 0821 2203 7195ğŸ¯
#Jpn #Prediksijpn #udintogel #Jepang #rumuskuat #kokocuan #4D #3D #2D #daftarundintogel #situsgacor"
68,"@mrsDBE Bukaaann.. safa itu yg masih kecil masih belom 20, yg ngomel ngomel dan ngakuk aktipis itu yg 29, dan ngaku perwakilannya idols tsb.. kan aneehh yak wkwkkww"
69,"@Klueen_ arat, pabora us sa 28/29 ğŸ¥³"
70,"@yacansss oalah biankkerok si mba"" 29 taon kh"
71,"ini yg 29 tahun, cara ngomongnya kaya atasan gua kl lg marahğŸ‘ğŸ»"
72,@oohalien lagian udah 29 tahun bukannya mati malah ngebully
73,"[77:29] (Dikatakan kepada mereka pada hari kiamat): ""Pergilah kamu mendapatkan azab yang dahulunya kamu mendustakannya."
74,@Tante_amel69 Bnyk....aku 29.
75,safa dan mba mba 29 tahun udh nyampe ke kuping adek gua aja wkwk
76,"@SuluhuSamia @Nnauye_Nape @wizarahmth @EngKundo @yonazijim @maelezonews @kigogo2014 @TCRA_Tz @TTCLCorporation @JamiiForums @SenkuboJuma @AjuayeMsigala #BAJETIWHMT - ""Aidha, Watumiaji wa intaneti wameongezeka kutoka Milioni 29.1 mwezi Aprili, 2021 hadi kufikia Milioni 29.9 mwezi Aprili, 2022 sawa na ongezeko la asilimia 2.7 "" - Waziri, WHMT Mhe. @Nnauye_Nape"
77,@manurungmayaa ingat maya kamutuh udah 29 tahun!
78,"@Rtupoke Maksimal 30 min, pas umur 29 juga uda siap2 dilepas"
79,@tubirfess Yg 29 bukan si safa wkwkwk
80,"(32) 29 Oktober 2021
AKAB (GOTO) melakukan perubahan akta No. 128. Terdapat perubahan pada status Garibaldi Thohir. Kini ia menjadi Komisaris Utama sekaligus pemegang saham Seri D GOTO sebanyak 1.054.287.487 lembar (setara Rp1.054.287.487 pada harga nominal Rp1/lembar)."
81,Tanggal 29 ada acara di sekolah...GIMANA CARANYA GUE NONTON FAOI??!?!??!
82,"Aku gak tau pas umur 29 tahun hidupku kek gimana, yang jelas sih bukan jadi perwakilan na jaemin dan huang renjun."
83,"@anseIIor iyakan, tp ya emng mungkin si mbak 29 lagi dikasi balesan ama netijen"
84,Safa kalo dari awal dengerin punk ga akan diributin sama mba mba umur 29 taun ini
85,"(29) 28 Mei 2021
Dirut Telkomsel Setyanto Hantoro dicopot, hanya sehari setelah meresmikan internet 5G Telkomsel pertama di Indonesia. Penggantinya Hendri Mulya Syam."
86,@rama_ndika mungkin bapak nya ayah dari wanita berumur 29 tahun.
87,@cheryondam @skipberat Ini beneran mbanya 29 tahun? Like seriously?
88,@rrriidho gabut amat 29 tahun ngurusin begituan
89,"@igotsaf Harusnya jangan minta maaf dulu, biar mba-mba 29 tahun bikin laporan ke kepolisian, biar diketawain sama yg jaga dipos kepolisian ğŸ˜‚"
90,@Spurs_ID @Sonny7 Di umur 29 tahun Sony sudah jadi pesepakbola kelas dunia.
91,kocak bgt ya kasusunya safa dan mba2 29 tahun ini. malu mba umur 29 thn kaya gitu
92,"@infotwitwor_ Ya allah untung w dah tobat. Adek2 cepatlah kalian bertambah tua maka kalian akan malu dgn sendirinya. Tp ga menjamin juga si, kmrn aja ada org umur 29 tahun jd AKTIVIS HAM punya adek POLISI dan dosen nya KADER GOLKAR, CALON ipar nya jg KAPOLDA tapi masih ""nganu"" di space"
93,"Ada yg 29 tahun ngespace ngelawan bocil, ada yang 30 tahun nangisin anime 6 episode"
94,sumpah tl semua akun gue isinya mbak mbak 29 taun
95,"(24) 18 Mei 2021
Telkomsel menandatangani Perjanjian Pembelian Saham GOTO. US$150 juta (Rp2,1 triliun) dikonversi menjadi 29.708 lembar."
96,@justeria100 9 hadi 29
97,Tweet: QbmHWa82YQmbtvQLL7jpKBiqNCZ04OrsYkQ30KOAKIP3bR1wQG7FlEMGtESsJmjONAHxyd 2022-05-20 08:42:29 +0000
98,@detasyl @_aininazahra Kayaknya per 29 november besok kudu pake motif baru ğŸ˜Œ padahal lebih suka motif yg inih
99,@UzzeH @LaxusRalenion @idextratime @MafiaWasit dan usia doi 29 tahun
100,@arylo_29 Jalo
